"data_all_lengths","length_people","length_experiments"
94.1310938753499,"p1","e1"
92.5492115906883,"p1","e1"
92.0793123941985,"p1","e1"
93.0269792744217,"p1","e1"
96.9199086564177,"p1","e1"
100.20360693602,"p1","e1"
103.053026954633,"p1","e1"
107.577991428385,"p1","e1"
108.525854008853,"p1","e1"
97.0735029606217,"p1","e1"
72.5915416644479,"p2","e1"
78.0384694702266,"p2","e1"
77.4469740283985,"p2","e1"
73.3285445076352,"p2","e1"
75.7045468372726,"p2","e1"
75.8974593946262,"p2","e1"
76.3126489515225,"p2","e1"
73.4745176471249,"p2","e1"
75.8807465369507,"p2","e1"
71.9257923432996,"p2","e1"
86.3211912741717,"p3","e1"
81.2585311862091,"p3","e1"
81.5402623425774,"p3","e1"
76.2684562243486,"p3","e1"
75.2231408177901,"p3","e1"
77.9121276182189,"p3","e1"
80.2204802421577,"p3","e1"
77.2502507361129,"p3","e1"
80.0621887603174,"p3","e1"
78.2863412351845,"p3","e1"
82.6592947130739,"p4","e1"
79.0645642949583,"p4","e1"
78.3801231491009,"p4","e1"
82.2470922400593,"p4","e1"
79.655106442414,"p4","e1"
78.2179863098621,"p4","e1"
81.3451442593403,"p4","e1"
80.6801690095185,"p4","e1"
81.3728348461657,"p4","e1"
78.7359918365943,"p4","e1"
90.8337975544645,"p5","e1"
82.4909235987219,"p5","e1"
82.2853429182327,"p5","e1"
77.9543542654549,"p5","e1"
84.5844420747828,"p5","e1"
79.5728393560771,"p5","e1"
78.8074775254026,"p5","e1"
80.8865185945569,"p5","e1"
81.2123257807267,"p5","e1"
75.3653830217422,"p5","e1"
77.1056897849895,"p6","e1"
78.5359090691033,"p6","e1"
75.3412362727995,"p6","e1"
78.3481997124475,"p6","e1"
81.9649046672562,"p6","e1"
74.6276988069507,"p6","e1"
79.3222121994019,"p6","e1"
82.6381992727739,"p6","e1"
80.1264327509937,"p6","e1"
74.4532498270422,"p6","e1"
78.9841123880975,"p7","e1"
82.3296329615947,"p7","e1"
79.2142928456893,"p7","e1"
74.6508448440183,"p7","e1"
78.6473585099061,"p7","e1"
78.7403552169941,"p7","e1"
74.2094349862108,"p7","e1"
78.1442051275683,"p7","e1"
79.1452301238458,"p7","e1"
76.3526437294204,"p7","e1"
75.7459065046044,"p8","e1"
82.6581648329312,"p8","e1"
78.2835248086935,"p8","e1"
77.7880746974793,"p8","e1"
77.2440901527916,"p8","e1"
80.5185652189589,"p8","e1"
75.5207859244183,"p8","e1"
79.9707187890163,"p8","e1"
76.9078872785213,"p8","e1"
80.1081844070271,"p8","e1"
95.731889102254,"p9","e1"
88.477848065604,"p9","e1"
88.8205259306417,"p9","e1"
91.9135571354273,"p9","e1"
98.5122273975201,"p9","e1"
92.3747125266162,"p9","e1"
91.0225295948454,"p9","e1"
101.132502678167,"p9","e1"
98.7607233176511,"p9","e1"
93.4409642729624,"p9","e1"
83.9648042824998,"p10","e1"
84.786120926059,"p10","e1"
78.7187304040493,"p10","e1"
81.2334110791995,"p10","e1"
83.8805571130623,"p10","e1"
85.8313878819701,"p10","e1"
84.7059713572169,"p10","e1"
89.8327989018727,"p10","e1"
80.1015671689833,"p10","e1"
81.1159731953998,"p10","e1"
96.5447746573363,"p1","e2"
101.452854286069,"p1","e2"
103.416437267647,"p1","e2"
104.985246082621,"p1","e2"
109.339143139489,"p1","e2"
104.576970151495,"p1","e2"
110.204254859519,"p1","e2"
106.38827762753,"p1","e2"
107.026679293777,"p1","e2"
101.671552642328,"p1","e2"
85.8452671878932,"p2","e2"
88.0861620756335,"p2","e2"
82.9774027556314,"p2","e2"
90.0545566411276,"p2","e2"
86.3431995949255,"p2","e2"
86.7223662065487,"p2","e2"
86.3412642470525,"p2","e2"
85.6618715614396,"p2","e2"
86.0375613820227,"p2","e2"
83.3660784077414,"p2","e2"
92.7065284892253,"p3","e2"
96.7530600437765,"p3","e2"
91.4025537944982,"p3","e2"
99.824474851236,"p3","e2"
88.2410419824638,"p3","e2"
91.3690823491826,"p3","e2"
91.6373216015776,"p3","e2"
92.0286256713315,"p3","e2"
89.6412646976652,"p3","e2"
89.2791792595614,"p3","e2"
88.473510764976,"p4","e2"
93.5601734445811,"p4","e2"
94.0031155162098,"p4","e2"
89.2479238882231,"p4","e2"
88.1942929215286,"p4","e2"
93.0785638723043,"p4","e2"
93.5181081288082,"p4","e2"
87.9480654140069,"p4","e2"
85.1790063321808,"p4","e2"
91.828796912801,"p4","e2"
103.065268767313,"p5","e2"
104.372587227472,"p5","e2"
97.7900981287976,"p5","e2"
93.6672163243089,"p5","e2"
92.0895260052803,"p5","e2"
102.191438832463,"p5","e2"
93.6578632994775,"p5","e2"
94.396786723686,"p5","e2"
96.7766798373611,"p5","e2"
92.7842050586579,"p5","e2"
89.3396846352857,"p6","e2"
87.5828847527126,"p6","e2"
88.132761107291,"p6","e2"
86.0489460796393,"p6","e2"
87.2358269521682,"p6","e2"
94.5976936965654,"p6","e2"
88.887941193508,"p6","e2"
86.0053193034364,"p6","e2"
86.4419113384007,"p6","e2"
86.2912568735245,"p6","e2"
90.777561314853,"p7","e2"
87.2970605720576,"p7","e2"
85.4222291569374,"p7","e2"
88.3008828601451,"p7","e2"
86.8239741251158,"p7","e2"
84.0992990265531,"p7","e2"
87.1965066568926,"p7","e2"
84.4428128356209,"p7","e2"
85.6186191863138,"p7","e2"
89.6872913709869,"p7","e2"
87.3444934349416,"p8","e2"
89.9476790686518,"p8","e2"
86.6523151660566,"p8","e2"
90.3239476211254,"p8","e2"
89.5436870221284,"p8","e2"
88.2394104364759,"p8","e2"
82.391204765839,"p8","e2"
93.2597781877419,"p8","e2"
91.9038757955146,"p8","e2"
84.9238162488127,"p8","e2"
101.634226671691,"p9","e2"
104.277702697852,"p9","e2"
107.397466248031,"p9","e2"
107.524652571979,"p9","e2"
106.38025431131,"p9","e2"
104.044573019123,"p9","e2"
104.057721631903,"p9","e2"
101.241329294167,"p9","e2"
101.729027693893,"p9","e2"
105.315712471572,"p9","e2"
90.4858475096079,"p10","e2"
94.0166998883092,"p10","e2"
91.9511435716832,"p10","e2"
94.4543204992301,"p10","e2"
94.3332890415039,"p10","e2"
94.2526616265507,"p10","e2"
97.3726942318965,"p10","e2"
95.5479406467305,"p10","e2"
89.8386611696863,"p10","e2"
95.3392814745218,"p10","e2"
114.695004906769,"p1","e3"
112.725113654069,"p1","e3"
111.355889509477,"p1","e3"
121.055933217921,"p1","e3"
121.656886229132,"p1","e3"
111.123742046234,"p1","e3"
119.282319780209,"p1","e3"
115.677925491233,"p1","e3"
121.031766531063,"p1","e3"
118.712609554935,"p1","e3"
100.58233095106,"p2","e3"
100.023157261781,"p2","e3"
97.954404753683,"p2","e3"
96.3629812742475,"p2","e3"
101.159493113423,"p2","e3"
95.2797548814262,"p2","e3"
97.2254568803338,"p2","e3"
97.0491108565682,"p2","e3"
97.5353946201011,"p2","e3"
100.363322106959,"p2","e3"
109.879678323466,"p3","e3"
101.75936226906,"p3","e3"
101.411165250318,"p3","e3"
99.6425423315136,"p3","e3"
95.1740733476165,"p3","e3"
100.97411987957,"p3","e3"
104.611682202028,"p3","e3"
101.887016405544,"p3","e3"
105.899284183642,"p3","e3"
107.393521484435,"p3","e3"
100.709355564575,"p4","e3"
101.209918753234,"p4","e3"
99.623779114348,"p4","e3"
101.815543132699,"p4","e3"
97.1751679574445,"p4","e3"
95.66281323743,"p4","e3"
105.20968271869,"p4","e3"
96.0171757272843,"p4","e3"
100.573466686554,"p4","e3"
100.256564996801,"p4","e3"
116.470543172008,"p5","e3"
108.657221384348,"p5","e3"
104.061558021993,"p5","e3"
112.997223850599,"p5","e3"
103.648599581205,"p5","e3"
105.287601442497,"p5","e3"
107.480098856568,"p5","e3"
104.818684896916,"p5","e3"
109.450106856172,"p5","e3"
109.086992298704,"p5","e3"
102.221372336154,"p6","e3"
96.3258173442406,"p6","e3"
101.606770210378,"p6","e3"
98.128942668694,"p6","e3"
98.5783853652407,"p6","e3"
98.3280095595439,"p6","e3"
97.3041587396975,"p6","e3"
105.121759586644,"p6","e3"
104.298464557744,"p6","e3"
98.2803868074504,"p6","e3"
107.599403502691,"p7","e3"
102.677625658697,"p7","e3"
100.158478106878,"p7","e3"
96.7107525526307,"p7","e3"
98.504163638036,"p7","e3"
103.896843583202,"p7","e3"
101.183246724717,"p7","e3"
99.6018035964891,"p7","e3"
96.6160154262639,"p7","e3"
98.9175912482481,"p7","e3"
100.157190495551,"p8","e3"
99.8498302417146,"p8","e3"
101.541040969762,"p8","e3"
101.162381050704,"p8","e3"
98.3502073855755,"p8","e3"
97.3129770250829,"p8","e3"
100.503210992374,"p8","e3"
103.852146335668,"p8","e3"
96.5842509762602,"p8","e3"
96.222119964206,"p8","e3"
113.668690997408,"p9","e3"
122.479002369387,"p9","e3"
123.441079221595,"p9","e3"
121.763008349541,"p9","e3"
112.151156056048,"p9","e3"
112.977939345327,"p9","e3"
121.754808421022,"p9","e3"
113.042526303196,"p9","e3"
130.437200469058,"p9","e3"
119.804975084998,"p9","e3"
110.279055889755,"p10","e3"
106.451159019546,"p10","e3"
108.698049485835,"p10","e3"
107.104565741864,"p10","e3"
109.693009578011,"p10","e3"
110.713722730453,"p10","e3"
104.578425645896,"p10","e3"
117.49682485762,"p10","e3"
110.517571625481,"p10","e3"
110.132863065775,"p10","e3"
87.1200513449945,"p1","e4"
87.6642739701493,"p1","e4"
90.3734533378034,"p1","e4"
93.0062886178088,"p1","e4"
89.7778497436658,"p1","e4"
97.7817242887549,"p1","e4"
94.6763263707894,"p1","e4"
92.7258816305017,"p1","e4"
95.9505411855073,"p1","e4"
103.274496800366,"p1","e4"
71.0125565378718,"p2","e4"
74.3740466371231,"p2","e4"
73.5812007251254,"p2","e4"
73.74721827243,"p2","e4"
73.3867419778285,"p2","e4"
75.4143289883865,"p2","e4"
72.2850878406555,"p2","e4"
69.4972524494724,"p2","e4"
72.6554368636635,"p2","e4"
74.0734037562858,"p2","e4"
87.5657949794292,"p3","e4"
83.816108929905,"p3","e4"
76.2953068597773,"p3","e4"
82.5924300516745,"p3","e4"
79.3266296234656,"p3","e4"
76.9084065100568,"p3","e4"
77.8442676980389,"p3","e4"
77.2397711204674,"p3","e4"
79.2705047431877,"p3","e4"
78.6939023705625,"p3","e4"
82.0866174814534,"p4","e4"
80.5446289158433,"p4","e4"
75.959063097705,"p4","e4"
78.9891542186406,"p4","e4"
72.8089646899697,"p4","e4"
78.8859341914103,"p4","e4"
77.2671706054305,"p4","e4"
77.9426001979983,"p4","e4"
76.1322842691633,"p4","e4"
77.5481236035205,"p4","e4"
91.0426757708068,"p5","e4"
99.6549213747741,"p5","e4"
81.2492655133999,"p5","e4"
78.6171018220866,"p5","e4"
76.2940362095337,"p5","e4"
79.720849750128,"p5","e4"
76.3839856452629,"p5","e4"
79.1634028281642,"p5","e4"
74.8951130424538,"p5","e4"
75.1291560892645,"p5","e4"
73.7635439443856,"p6","e4"
72.9320822509773,"p6","e4"
74.6447840952456,"p6","e4"
75.9881933480023,"p6","e4"
75.6366361491359,"p6","e4"
77.7549748403956,"p6","e4"
77.2763591280156,"p6","e4"
77.3916754838404,"p6","e4"
71.19878936931,"p6","e4"
72.6180491950546,"p6","e4"
77.8404531960913,"p7","e4"
78.0191844110569,"p7","e4"
75.6360283250279,"p7","e4"
79.8607318291724,"p7","e4"
77.2024081887006,"p7","e4"
75.2930490475676,"p7","e4"
80.4766948898534,"p7","e4"
76.9083812183735,"p7","e4"
74.4507026284409,"p7","e4"
77.9467876773493,"p7","e4"
81.7591615381412,"p8","e4"
82.2667430898441,"p8","e4"
74.7477226485903,"p8","e4"
72.8896526494138,"p8","e4"
79.9250323871857,"p8","e4"
72.729847317712,"p8","e4"
76.8338292555706,"p8","e4"
75.1607601029392,"p8","e4"
73.4466019732598,"p8","e4"
75.9120910243001,"p8","e4"
91.7855913886561,"p9","e4"
84.6014160135269,"p9","e4"
88.9561958587766,"p9","e4"
105.257973301206,"p9","e4"
93.3796178791915,"p9","e4"
97.3889514677618,"p9","e4"
87.6710460258964,"p9","e4"
91.5757705106975,"p9","e4"
82.3803058316266,"p9","e4"
90.7237602690425,"p9","e4"
77.4856053549292,"p10","e4"
75.2567782461305,"p10","e4"
74.6692429387454,"p10","e4"
73.0405640765625,"p10","e4"
79.6883729296715,"p10","e4"
88.7595351702766,"p10","e4"
83.447819928228,"p10","e4"
83.3814112476125,"p10","e4"
82.0578389936249,"p10","e4"
80.6598938406517,"p10","e4"
96.1467531531312,"p1","e5"
95.7598323367398,"p1","e5"
99.4480827930553,"p1","e5"
99.4350904818827,"p1","e5"
100.137971055683,"p1","e5"
107.120907023518,"p1","e5"
102.898540445637,"p1","e5"
100.223898269569,"p1","e5"
109.427510207182,"p1","e5"
105.73034817032,"p1","e5"
85.6753113436639,"p2","e5"
82.6987072295605,"p2","e5"
84.3756387932728,"p2","e5"
88.0337029757019,"p2","e5"
85.2127011738488,"p2","e5"
82.883777704843,"p2","e5"
130.285217619497,"p2","e5"
80.5783743331707,"p2","e5"
84.8654818606572,"p2","e5"
86.0913271032139,"p2","e5"
92.3000958326749,"p3","e5"
96.3467720561804,"p3","e5"
90.6780611958141,"p3","e5"
89.0322342460923,"p3","e5"
84.7552830836349,"p3","e5"
91.3240537351976,"p3","e5"
87.4400732783091,"p3","e5"
84.5665960716773,"p3","e5"
87.4874240054791,"p3","e5"
86.2484065955643,"p3","e5"
88.9580315667295,"p4","e5"
88.2447392005756,"p4","e5"
86.4678254829268,"p4","e5"
87.7431047425065,"p4","e5"
86.2623580239611,"p4","e5"
81.4937092060521,"p4","e5"
86.6711806000704,"p4","e5"
87.3886761842976,"p4","e5"
85.4683525553549,"p4","e5"
83.4008715101565,"p4","e5"
101.26252995209,"p5","e5"
101.542836127637,"p5","e5"
97.9035190762432,"p5","e5"
91.005345190507,"p5","e5"
90.9684532421347,"p5","e5"
91.6487619126116,"p5","e5"
88.925577688523,"p5","e5"
86.9547415867558,"p5","e5"
94.4965635627487,"p5","e5"
90.1980422282629,"p5","e5"
87.2095806451215,"p6","e5"
83.1181584289867,"p6","e5"
87.8573754690078,"p6","e5"
88.8768847256599,"p6","e5"
84.350244945413,"p6","e5"
85.2180517291986,"p6","e5"
86.500387984435,"p6","e5"
83.1610307104164,"p6","e5"
84.2007621195117,"p6","e5"
85.3530501762932,"p6","e5"
85.5169657560179,"p7","e5"
80.3399021056477,"p7","e5"
84.1984653498711,"p7","e5"
87.8414667521905,"p7","e5"
84.9278794011137,"p7","e5"
89.1714985807394,"p7","e5"
91.117687531808,"p7","e5"
88.1245347750998,"p7","e5"
84.6572393076529,"p7","e5"
84.5753387947428,"p7","e5"
86.8279354019201,"p8","e5"
88.2891954198868,"p8","e5"
87.3162877938017,"p8","e5"
84.8135832949542,"p8","e5"
86.629215431422,"p8","e5"
85.974461364574,"p8","e5"
81.5726010142037,"p8","e5"
89.7650259732848,"p8","e5"
85.255714658332,"p8","e5"
83.7316027762576,"p8","e5"
107.963557910275,"p9","e5"
99.5464074580406,"p9","e5"
97.6161648071088,"p9","e5"
103.179823205955,"p9","e5"
97.9891658988822,"p9","e5"
100.275501029413,"p9","e5"
96.8317760782061,"p9","e5"
102.698347119151,"p9","e5"
101.080662781695,"p9","e5"
102.558495638637,"p9","e5"
85.5256615550485,"p10","e5"
84.8017282298499,"p10","e5"
87.404664731903,"p10","e5"
85.5828512795889,"p10","e5"
91.9244367678823,"p10","e5"
90.5269906140246,"p10","e5"
93.7449543100786,"p10","e5"
94.9930189279022,"p10","e5"
89.9535127554779,"p10","e5"
91.544105813524,"p10","e5"
108.505229363316,"p1","e6"
103.821272731845,"p1","e6"
103.91919552201,"p1","e6"
109.501307937524,"p1","e6"
107.632929590883,"p1","e6"
108.135900720064,"p1","e6"
110.739723576946,"p1","e6"
117.935844849199,"p1","e6"
114.083687999319,"p1","e6"
121.718627252383,"p1","e6"
96.5737112030064,"p2","e6"
99.9931509626496,"p2","e6"
95.452857542219,"p2","e6"
95.1389567678102,"p2","e6"
95.4892952873772,"p2","e6"
96.9485148901275,"p2","e6"
97.0134680884145,"p2","e6"
95.6397205690925,"p2","e6"
99.6020052264553,"p2","e6"
94.7082484162864,"p2","e6"
98.1151968935017,"p3","e6"
101.173268516358,"p3","e6"
102.206351976844,"p3","e6"
100.363931058898,"p3","e6"
99.0489258955877,"p3","e6"
102.752431493931,"p3","e6"
94.0081281924561,"p3","e6"
95.8479344175523,"p3","e6"
98.220600490789,"p3","e6"
101.981667724306,"p3","e6"
101.013724851621,"p4","e6"
101.270626148345,"p4","e6"
99.2205111105108,"p4","e6"
97.0644038667567,"p4","e6"
95.5960957851007,"p4","e6"
94.8658259067629,"p4","e6"
100.906532662241,"p4","e6"
96.9348819889967,"p4","e6"
99.335878833928,"p4","e6"
94.6817537823309,"p4","e6"
120.299920481717,"p5","e6"
108.664689855136,"p5","e6"
106.798104406524,"p5","e6"
102.941029373258,"p5","e6"
98.9136058860873,"p5","e6"
104.497715903823,"p5","e6"
103.859673972893,"p5","e6"
99.8914897318188,"p5","e6"
100.595012063551,"p5","e6"
97.3379921450358,"p5","e6"
96.1740653651065,"p6","e6"
95.1881534905846,"p6","e6"
95.7601281496114,"p6","e6"
96.7596864892244,"p6","e6"
95.4317701712513,"p6","e6"
95.7329649015088,"p6","e6"
103.018468591185,"p6","e6"
93.1192510633048,"p6","e6"
95.603828749518,"p6","e6"
93.6217426729879,"p6","e6"
95.2643721621456,"p7","e6"
97.2427257985493,"p7","e6"
95.3556377193636,"p7","e6"
93.8020009598532,"p7","e6"
95.0733071249427,"p7","e6"
93.9093213264469,"p7","e6"
107.590748391412,"p7","e6"
91.4808717011946,"p7","e6"
97.718135624368,"p7","e6"
94.266147373558,"p7","e6"
94.3816521238192,"p8","e6"
97.9012603522065,"p8","e6"
100.304181355941,"p8","e6"
95.9738433115177,"p8","e6"
95.5727036032073,"p8","e6"
95.6794605506977,"p8","e6"
97.0460953751344,"p8","e6"
94.8908547306857,"p8","e6"
93.419099514947,"p8","e6"
94.9752759255331,"p8","e6"
111.02580727751,"p9","e6"
116.08768087577,"p9","e6"
105.12801419921,"p9","e6"
106.057763606629,"p9","e6"
112.175428701863,"p9","e6"
110.645356045788,"p9","e6"
105.238273914947,"p9","e6"
117.71914781146,"p9","e6"
109.215756422004,"p9","e6"
117.31945577385,"p9","e6"
100.413007577601,"p10","e6"
98.2456009243482,"p10","e6"
101.883095131433,"p10","e6"
101.340925301078,"p10","e6"
104.930859020337,"p10","e6"
100.94187320036,"p10","e6"
105.023104557299,"p10","e6"
105.915642922941,"p10","e6"
100.562619281014,"p10","e6"
101.222383481204,"p10","e6"
94.2805556053235,"p1","e7"
87.2912153532263,"p1","e7"
90.4668929996721,"p1","e7"
84.1021818468494,"p1","e7"
86.4305830524585,"p1","e7"
88.4655525816174,"p1","e7"
96.5294306951897,"p1","e7"
93.7426016775003,"p1","e7"
96.5202479187725,"p1","e7"
92.7205446607428,"p1","e7"
70.7502466289794,"p2","e7"
69.2121479893735,"p2","e7"
71.5129865787094,"p2","e7"
72.2637176054741,"p2","e7"
74.4380780005026,"p2","e7"
73.4303295830661,"p2","e7"
73.9135337969044,"p2","e7"
71.6136041062533,"p2","e7"
71.9635206812053,"p2","e7"
73.7690239292809,"p2","e7"
75.4098139747543,"p3","e7"
76.9302536392797,"p3","e7"
79.211906101015,"p3","e7"
79.5903155571781,"p3","e7"
74.313668619081,"p3","e7"
77.6126762813367,"p3","e7"
78.5855857705651,"p3","e7"
77.9794014644432,"p3","e7"
75.283314598512,"p3","e7"
81.3452229740311,"p3","e7"
76.8016771160157,"p4","e7"
73.7719969619233,"p4","e7"
73.4033985161714,"p4","e7"
77.7748509303151,"p4","e7"
73.271628846013,"p4","e7"
75.1552878239983,"p4","e7"
77.2353255457986,"p4","e7"
72.9235356944729,"p4","e7"
72.7403006287305,"p4","e7"
77.2367150401856,"p4","e7"
92.906701499816,"p5","e7"
90.6592717229789,"p5","e7"
74.6653815367442,"p5","e7"
79.1840931956369,"p5","e7"
74.4001170317908,"p5","e7"
75.5863972119393,"p5","e7"
72.5154406414174,"p5","e7"
73.3389623529073,"p5","e7"
77.4960091392618,"p5","e7"
74.1867219689064,"p5","e7"
73.9371918749375,"p6","e7"
78.1316961649161,"p6","e7"
74.6002429544583,"p6","e7"
73.6210254962172,"p6","e7"
70.9753262927936,"p6","e7"
70.2922247680267,"p6","e7"
72.9974622153332,"p6","e7"
73.5892692512075,"p6","e7"
72.1048539147471,"p6","e7"
70.8502294515249,"p6","e7"
79.3593210882023,"p7","e7"
72.615655258737,"p7","e7"
77.7844612741162,"p7","e7"
74.4656232467343,"p7","e7"
76.821532685013,"p7","e7"
80.6289499338907,"p7","e7"
76.1735510633344,"p7","e7"
78.1704668004795,"p7","e7"
78.6650442359621,"p7","e7"
76.1944189788265,"p7","e7"
74.8473323078471,"p8","e7"
73.2690793939474,"p8","e7"
75.9717870008257,"p8","e7"
78.8019214453412,"p8","e7"
76.8409476055533,"p8","e7"
77.6765119410233,"p8","e7"
74.3803196886999,"p8","e7"
77.1190778478517,"p8","e7"
78.584443710464,"p8","e7"
73.3312845101998,"p8","e7"
88.0018793235948,"p9","e7"
94.2535865793783,"p9","e7"
82.9461652200178,"p9","e7"
85.2470091927742,"p9","e7"
96.8354919374139,"p9","e7"
91.0633732237241,"p9","e7"
86.8944898203859,"p9","e7"
92.4436377397954,"p9","e7"
91.8718722431912,"p9","e7"
91.3945384387603,"p9","e7"
79.1847035311131,"p10","e7"
74.0057261751052,"p10","e7"
77.9211053357661,"p10","e7"
75.2244339248641,"p10","e7"
77.0313123624123,"p10","e7"
80.0140975752975,"p10","e7"
83.0938322526084,"p10","e7"
75.5415422762037,"p10","e7"
82.2842529530862,"p10","e7"
77.2400341051907,"p10","e7"
97.4512280933018,"p1","e8"
95.7950920179199,"p1","e8"
89.8981661594321,"p1","e8"
98.4821894630719,"p1","e8"
99.8577570183756,"p1","e8"
110.521057853414,"p1","e8"
104.390901950079,"p1","e8"
102.913573139219,"p1","e8"
98.4655442222916,"p1","e8"
108.572206252639,"p1","e8"
84.8919299407563,"p2","e8"
80.7847892639337,"p2","e8"
86.2533799687836,"p2","e8"
82.4272595955293,"p2","e8"
86.9747254027841,"p2","e8"
83.4376615292144,"p2","e8"
80.7007973369262,"p2","e8"
84.914459983442,"p2","e8"
83.5523873618539,"p2","e8"
81.4065161129099,"p2","e8"
99.6253247220839,"p3","e8"
94.0691558483617,"p3","e8"
91.6809222082044,"p3","e8"
90.5467271107843,"p3","e8"
83.1238658234037,"p3","e8"
80.9127239330723,"p3","e8"
87.9608173874924,"p3","e8"
88.5303429878039,"p3","e8"
90.9252804903415,"p3","e8"
80.7512614336219,"p3","e8"
87.1609375151487,"p4","e8"
83.1225034783914,"p4","e8"
83.6320665960642,"p4","e8"
81.9645415414189,"p4","e8"
82.9253237740873,"p4","e8"
83.5647254676972,"p4","e8"
82.0769256585369,"p4","e8"
85.6851732281052,"p4","e8"
80.6306239944326,"p4","e8"
77.4336061208527,"p4","e8"
100.273751034449,"p5","e8"
88.5132359615104,"p5","e8"
86.3344597628458,"p5","e8"
89.3554915250535,"p5","e8"
84.1546049606425,"p5","e8"
81.0744640081877,"p5","e8"
80.3177345141597,"p5","e8"
81.3158201006885,"p5","e8"
85.5998077839477,"p5","e8"
83.5589501658561,"p5","e8"
79.3281695867876,"p6","e8"
85.6651955882829,"p6","e8"
83.5783109450696,"p6","e8"
84.7519241497683,"p6","e8"
86.3587744176189,"p6","e8"
80.795540221908,"p6","e8"
87.9735825192496,"p6","e8"
80.6271031287675,"p6","e8"
82.5165539124213,"p6","e8"
83.8180217356916,"p6","e8"
83.137588376524,"p7","e8"
80.9950303253494,"p7","e8"
84.9617313108346,"p7","e8"
83.0592178988186,"p7","e8"
82.3141298049937,"p7","e8"
81.5296456283889,"p7","e8"
81.4847170161257,"p7","e8"
85.926320731841,"p7","e8"
85.1700075240703,"p7","e8"
81.8597492815853,"p7","e8"
85.2798689045903,"p8","e8"
87.8231282459246,"p8","e8"
88.4155252492293,"p8","e8"
85.830637517843,"p8","e8"
82.459099459891,"p8","e8"
82.3951732544376,"p8","e8"
80.0057554764357,"p8","e8"
92.9161720393699,"p8","e8"
84.6844575651016,"p8","e8"
85.2141856177567,"p8","e8"
95.3345787300499,"p9","e8"
96.7194558573256,"p9","e8"
103.720636823817,"p9","e8"
102.425040643241,"p9","e8"
92.427570782495,"p9","e8"
105.423998716527,"p9","e8"
95.0224878319249,"p9","e8"
102.584449250123,"p9","e8"
98.9189763414991,"p9","e8"
97.7914206723742,"p9","e8"
87.5575271519556,"p10","e8"
83.7070624138653,"p10","e8"
83.1113623659095,"p10","e8"
84.6832010847626,"p10","e8"
86.7190206225867,"p10","e8"
85.0554414788826,"p10","e8"
90.4212530294894,"p10","e8"
90.7004824833409,"p10","e8"
86.2423830575281,"p10","e8"
89.1134918177283,"p10","e8"
107.173418959132,"p1","e9"
111.591896622742,"p1","e9"
100.775339939151,"p1","e9"
109.147356001794,"p1","e9"
110.359138748709,"p1","e9"
105.939479861869,"p1","e9"
116.240619694164,"p1","e9"
105.928209811442,"p1","e9"
113.837100616094,"p1","e9"
114.293450376687,"p1","e9"
92.1784875605603,"p2","e9"
92.114796954076,"p2","e9"
95.6292333678956,"p2","e9"
91.2933012206782,"p2","e9"
92.6180326763792,"p2","e9"
94.9366733128669,"p2","e9"
91.2838717753096,"p2","e9"
93.2551861561423,"p2","e9"
93.3243490544451,"p2","e9"
95.2939781421536,"p2","e9"
104.374608153724,"p3","e9"
95.8200788292168,"p3","e9"
104.684743786211,"p3","e9"
103.164380942203,"p3","e9"
98.6292266725888,"p3","e9"
100.465224510474,"p3","e9"
95.8640040070736,"p3","e9"
102.686539967986,"p3","e9"
103.268913063436,"p3","e9"
98.2553761678517,"p3","e9"
100.817274541542,"p4","e9"
93.8226848455234,"p4","e9"
96.1855251411895,"p4","e9"
91.7736360972168,"p4","e9"
95.4123381874877,"p4","e9"
91.3824143423019,"p4","e9"
94.1144663079119,"p4","e9"
95.3632405324153,"p4","e9"
88.4061602983198,"p4","e9"
90.5634565977577,"p4","e9"
119.735105795526,"p5","e9"
97.7842842333841,"p5","e9"
99.3761710547343,"p5","e9"
99.9174971646443,"p5","e9"
100.05677194655,"p5","e9"
98.931869723742,"p5","e9"
94.4197415541383,"p5","e9"
95.1658156789,"p5","e9"
94.8835401569819,"p5","e9"
95.0612050972768,"p5","e9"
98.1701590872992,"p6","e9"
93.9961942966713,"p6","e9"
95.0708817340455,"p6","e9"
94.8516496788342,"p6","e9"
94.8228191779685,"p6","e9"
93.5082139589078,"p6","e9"
92.7131076516045,"p6","e9"
93.0868563415516,"p6","e9"
92.8232598943899,"p6","e9"
88.4153652273786,"p6","e9"
97.2579202121406,"p7","e9"
92.6488258135795,"p7","e9"
99.0051848184408,"p7","e9"
92.2221833018473,"p7","e9"
93.736905085588,"p7","e9"
95.2779288792479,"p7","e9"
94.5577442657603,"p7","e9"
91.7013923074788,"p7","e9"
93.7909885100126,"p7","e9"
92.5210527632373,"p7","e9"
96.9273503133381,"p8","e9"
92.7570822629115,"p8","e9"
95.8117033600357,"p8","e9"
93.4791226157394,"p8","e9"
94.3431993384035,"p8","e9"
93.4022322758873,"p8","e9"
96.1309722833223,"p8","e9"
94.9290742329301,"p8","e9"
95.918111869811,"p8","e9"
90.9345692840138,"p8","e9"
107.057447213782,"p9","e9"
116.185632737027,"p9","e9"
109.444801313817,"p9","e9"
112.970298416511,"p9","e9"
118.230701463253,"p9","e9"
112.363606290342,"p9","e9"
104.213493896676,"p9","e9"
109.116195264317,"p9","e9"
112.418695065619,"p9","e9"
112.873176815034,"p9","e9"
100.539613745494,"p10","e9"
98.0876677219193,"p10","e9"
97.3902899129287,"p10","e9"
100.657823257318,"p10","e9"
97.7948772277999,"p10","e9"
104.279951763733,"p10","e9"
102.374221339026,"p10","e9"
101.11200797642,"p10","e9"
99.2220580823725,"p10","e9"
101.173244724548,"p10","e9"
87.3778553124146,"p1","e10"
93.1026094012839,"p1","e10"
86.4070148651189,"p1","e10"
83.6338596607671,"p1","e10"
92.2657429396515,"p1","e10"
94.0099217899761,"p1","e10"
93.8030143925232,"p1","e10"
91.7632992572139,"p1","e10"
91.9122706796569,"p1","e10"
94.0684914876244,"p1","e10"
69.2588179260582,"p2","e10"
72.0157932626747,"p2","e10"
70.8710701224934,"p2","e10"
70.2407513142167,"p2","e10"
75.3869285796141,"p2","e10"
73.569817861345,"p2","e10"
73.6028955484643,"p2","e10"
71.3450362693713,"p2","e10"
71.8192802384232,"p2","e10"
74.8986157065837,"p2","e10"
84.3342288844556,"p3","e10"
78.833128351608,"p3","e10"
79.4611656123909,"p3","e10"
80.5324011888721,"p3","e10"
77.7976584918037,"p3","e10"
80.5124345273173,"p3","e10"
76.0701867228922,"p3","e10"
81.810207581429,"p3","e10"
77.3917721482919,"p3","e10"
77.4725955640788,"p3","e10"
78.6898515758346,"p4","e10"
71.6829520702143,"p4","e10"
75.4843303357827,"p4","e10"
75.1717657985203,"p4","e10"
76.6432674620074,"p4","e10"
73.6279121191832,"p4","e10"
76.4685963558163,"p4","e10"
80.5683502388228,"p4","e10"
75.180887056786,"p4","e10"
77.097806499318,"p4","e10"
90.6707747078571,"p5","e10"
78.2516741621493,"p5","e10"
79.7666820176723,"p5","e10"
77.470132021046,"p5","e10"
70.854812578638,"p5","e10"
72.6676016662153,"p5","e10"
70.2175814491814,"p5","e10"
74.7889194828904,"p5","e10"
77.6656364011726,"p5","e10"
72.1885781297359,"p5","e10"
78.046921100286,"p6","e10"
71.9238099759898,"p6","e10"
71.1300033546342,"p6","e10"
71.4071796748503,"p6","e10"
72.9992400114863,"p6","e10"
76.9141015645231,"p6","e10"
74.5016333185247,"p6","e10"
71.8722661164205,"p6","e10"
73.9403689437452,"p6","e10"
77.9216582834719,"p6","e10"
82.0160489512869,"p7","e10"
73.4782618354954,"p7","e10"
77.523189363766,"p7","e10"
74.1488461181433,"p7","e10"
76.9540233060679,"p7","e10"
72.5509819271931,"p7","e10"
74.9526347097249,"p7","e10"
77.4845083930075,"p7","e10"
74.231275170388,"p7","e10"
75.2311818204576,"p7","e10"
76.910338246897,"p8","e10"
77.5523060338389,"p8","e10"
74.6904846736577,"p8","e10"
73.7658961822162,"p8","e10"
75.3553897654571,"p8","e10"
75.3374456917897,"p8","e10"
71.1534408424619,"p8","e10"
78.0555439231043,"p8","e10"
76.273652482058,"p8","e10"
77.5423872168328,"p8","e10"
97.7989977660564,"p9","e10"
94.3749124197473,"p9","e10"
91.1137957087457,"p9","e10"
101.790007222008,"p9","e10"
91.8761707984783,"p9","e10"
92.2871045801422,"p9","e10"
85.0741135822917,"p9","e10"
89.3333126855656,"p9","e10"
98.1067369994375,"p9","e10"
89.0808286226235,"p9","e10"
72.2336900073341,"p10","e10"
73.7770016288809,"p10","e10"
74.5376752552156,"p10","e10"
74.3869450147363,"p10","e10"
77.1245872422836,"p10","e10"
77.2834679034134,"p10","e10"
79.679969727269,"p10","e10"
76.7022331136409,"p10","e10"
79.5002120984692,"p10","e10"
82.57097519487,"p10","e10"
99.2531164100868,"p1","e11"
95.0491633940555,"p1","e11"
88.369033444785,"p1","e11"
100.596710347966,"p1","e11"
97.0475482562909,"p1","e11"
102.195995460064,"p1","e11"
99.5845133988768,"p1","e11"
93.8798556423691,"p1","e11"
102.088422596364,"p1","e11"
104.241541471354,"p1","e11"
83.6378484595857,"p2","e11"
82.1100893389853,"p2","e11"
84.2673591760653,"p2","e11"
80.8812586256193,"p2","e11"
83.3626640309675,"p2","e11"
80.1466773692373,"p2","e11"
80.9171272834351,"p2","e11"
82.4561655153936,"p2","e11"
83.0417979428465,"p2","e11"
83.8967141516473,"p2","e11"
98.3404668730221,"p3","e11"
93.309492737692,"p3","e11"
92.0760447557099,"p3","e11"
92.2093342020704,"p3","e11"
79.9690490384315,"p3","e11"
85.4628149260651,"p3","e11"
83.817069344573,"p3","e11"
94.9322962423882,"p3","e11"
89.2191135418065,"p3","e11"
85.1374079598275,"p3","e11"
81.4964703624271,"p4","e11"
87.0889962841081,"p4","e11"
79.7680580512186,"p4","e11"
83.4127849494522,"p4","e11"
86.2701602013151,"p4","e11"
81.8165131956138,"p4","e11"
80.7892018519975,"p4","e11"
79.9755536921626,"p4","e11"
85.4445225529489,"p4","e11"
83.3239020283695,"p4","e11"
94.0171367062918,"p5","e11"
93.5631120271455,"p5","e11"
86.4656147586609,"p5","e11"
86.1595534352148,"p5","e11"
83.7024959582415,"p5","e11"
83.3971750274495,"p5","e11"
85.3222969262199,"p5","e11"
83.5596250699396,"p5","e11"
78.2440770132547,"p5","e11"
86.0226911243474,"p5","e11"
79.7015496155503,"p6","e11"
84.4525948832104,"p6","e11"
86.9831963093709,"p6","e11"
80.9329885906123,"p6","e11"
86.9156757792837,"p6","e11"
87.4338723520253,"p6","e11"
85.6743508540112,"p6","e11"
81.4409218359802,"p6","e11"
87.4049103159736,"p6","e11"
81.5933330144835,"p6","e11"
83.7164414741345,"p7","e11"
83.4299727970628,"p7","e11"
81.7675851409402,"p7","e11"
80.4317923399131,"p7","e11"
83.9410275030375,"p7","e11"
81.8794068086683,"p7","e11"
85.0496289370155,"p7","e11"
83.1240243472754,"p7","e11"
81.0084803731421,"p7","e11"
80.3844345650246,"p7","e11"
86.1042464966143,"p8","e11"
87.0733315545166,"p8","e11"
86.7905708717561,"p8","e11"
84.3721014895013,"p8","e11"
82.3452469806759,"p8","e11"
88.8720805244245,"p8","e11"
83.4793586343169,"p8","e11"
86.1311716772336,"p8","e11"
88.8314220879104,"p8","e11"
85.6089224870462,"p8","e11"
95.0224764880647,"p9","e11"
97.3989842675939,"p9","e11"
94.784105979823,"p9","e11"
100.706094322379,"p9","e11"
95.915168821765,"p9","e11"
95.423145795774,"p9","e11"
98.6439125179533,"p9","e11"
96.244139461563,"p9","e11"
91.4235957623753,"p9","e11"
91.8859857162443,"p9","e11"
84.2444961658015,"p10","e11"
83.8074136151752,"p10","e11"
85.8087773721043,"p10","e11"
84.9235030352404,"p10","e11"
86.8946056827052,"p10","e11"
83.4852645404312,"p10","e11"
86.5010592579942,"p10","e11"
84.2229551237148,"p10","e11"
88.3984838345104,"p10","e11"
86.6708359845629,"p10","e11"
103.734320676994,"p1","e12"
103.540428834243,"p1","e12"
102.652844602025,"p1","e12"
104.026352322449,"p1","e12"
105.349764291465,"p1","e12"
111.034101626434,"p1","e12"
118.458978524974,"p1","e12"
108.523201031381,"p1","e12"
106.40982919665,"p1","e12"
112.802817715167,"p1","e12"
94.6111907238569,"p2","e12"
91.9755583169666,"p2","e12"
92.8638612537987,"p2","e12"
93.2785988677873,"p2","e12"
92.457984110044,"p2","e12"
94.2314465396328,"p2","e12"
94.1299577735396,"p2","e12"
93.8051370083974,"p2","e12"
92.7656838573219,"p2","e12"
92.6286790308416,"p2","e12"
108.321497456308,"p3","e12"
100.046386536268,"p3","e12"
98.0603198832069,"p3","e12"
100.689971701954,"p3","e12"
96.0009368392261,"p3","e12"
93.772182793968,"p3","e12"
99.6543753358601,"p3","e12"
101.374847868637,"p3","e12"
102.108220647145,"p3","e12"
103.211445566888,"p3","e12"
93.5919196286437,"p4","e12"
94.0824626952207,"p4","e12"
99.1235773795865,"p4","e12"
92.2191712035105,"p4","e12"
92.3510244673395,"p4","e12"
91.9764096464545,"p4","e12"
93.8701143411095,"p4","e12"
94.1698058292754,"p4","e12"
89.4006385620676,"p4","e12"
92.548213890219,"p4","e12"
110.956598279362,"p5","e12"
97.367685135398,"p5","e12"
96.9899345604105,"p5","e12"
95.4500913266137,"p5","e12"
96.615324161779,"p5","e12"
98.0381698028082,"p5","e12"
98.4273684356457,"p5","e12"
101.065239771697,"p5","e12"
93.7520744157886,"p5","e12"
94.4173950353203,"p5","e12"
100.546714764358,"p6","e12"
94.5922228727769,"p6","e12"
90.0988587940302,"p6","e12"
94.3654561049544,"p6","e12"
98.0095346750665,"p6","e12"
99.7752134528134,"p6","e12"
92.5893569994606,"p6","e12"
94.0413866147735,"p6","e12"
89.0474961322619,"p6","e12"
93.3425158274554,"p6","e12"
97.658748465999,"p7","e12"
93.6662494451986,"p7","e12"
95.5009313608498,"p7","e12"
90.0334354768957,"p7","e12"
92.8040029125391,"p7","e12"
91.3477970108022,"p7","e12"
94.4361763653113,"p7","e12"
91.3563060181766,"p7","e12"
92.8907663360534,"p7","e12"
93.2721512836591,"p7","e12"
96.135617197406,"p8","e12"
98.8596874505862,"p8","e12"
94.8227477713377,"p8","e12"
95.8373110295445,"p8","e12"
93.3449558634383,"p8","e12"
96.2403241612346,"p8","e12"
91.4120308317971,"p8","e12"
94.5485368590978,"p8","e12"
94.0720178346705,"p8","e12"
95.5220514632453,"p8","e12"
111.255799735059,"p9","e12"
108.062329992615,"p9","e12"
110.01212850041,"p9","e12"
109.858858982391,"p9","e12"
109.60815469361,"p9","e12"
115.25472252401,"p9","e12"
117.569469226391,"p9","e12"
110.314397545411,"p9","e12"
103.462336773528,"p9","e12"
111.785408417284,"p9","e12"
103.30111085154,"p10","e12"
94.5996396456219,"p10","e12"
92.9209091290191,"p10","e12"
98.4237573357485,"p10","e12"
94.82097844587,"p10","e12"
98.3146686219346,"p10","e12"
100.465514842994,"p10","e12"
99.0133309223539,"p10","e12"
96.4796099411484,"p10","e12"
96.2565898558298,"p10","e12"
82.9348754881546,"p1","e13"
89.7150555280257,"p1","e13"
84.1507996186174,"p1","e13"
87.608619642069,"p1","e13"
88.3453991415634,"p1","e13"
94.5512677644705,"p1","e13"
91.6448377215559,"p1","e13"
94.3054589507057,"p1","e13"
94.723402868563,"p1","e13"
98.4427607580305,"p1","e13"
72.0730476844159,"p2","e13"
72.8078438604061,"p2","e13"
75.9178292907337,"p2","e13"
73.4653013006803,"p2","e13"
74.656279546761,"p2","e13"
70.9636403338028,"p2","e13"
74.3631434066041,"p2","e13"
73.2019719544598,"p2","e13"
71.6449516337509,"p2","e13"
73.8621160220001,"p2","e13"
82.8598572072115,"p3","e13"
86.4961225356977,"p3","e13"
81.1854395754394,"p3","e13"
79.2459101171299,"p3","e13"
81.4264190442712,"p3","e13"
79.1908035535662,"p3","e13"
84.924721715223,"p3","e13"
77.3983718321561,"p3","e13"
81.7697973500991,"p3","e13"
82.4336433510617,"p3","e13"
81.5279317399673,"p4","e13"
72.0262054363682,"p4","e13"
72.8281382679645,"p4","e13"
77.8843427502012,"p4","e13"
74.9222843228499,"p4","e13"
78.6287289988125,"p4","e13"
75.8087827772004,"p4","e13"
75.3773236726976,"p4","e13"
81.0081360401196,"p4","e13"
76.0569149709178,"p4","e13"
90.9730942454256,"p5","e13"
84.1829586374229,"p5","e13"
83.0647393781401,"p5","e13"
80.4607228100159,"p5","e13"
77.4895392326159,"p5","e13"
72.80245335083,"p5","e13"
79.4507807614761,"p5","e13"
75.5410566503212,"p5","e13"
73.4094699980981,"p5","e13"
69.769555931078,"p5","e13"
73.6645285251559,"p6","e13"
72.9811721168492,"p6","e13"
72.8226251640891,"p6","e13"
74.0265052961878,"p6","e13"
77.0908242742416,"p6","e13"
70.319184408113,"p6","e13"
79.1709172311915,"p6","e13"
73.4370764597781,"p6","e13"
74.0638993585617,"p6","e13"
75.1386856118136,"p6","e13"
76.0593464363817,"p7","e13"
77.9891202405884,"p7","e13"
70.9052487492824,"p7","e13"
73.4209366682148,"p7","e13"
75.757780769693,"p7","e13"
79.2667155962674,"p7","e13"
75.7658194213845,"p7","e13"
77.4019879848921,"p7","e13"
77.7466797620348,"p7","e13"
75.0230693979881,"p7","e13"
78.1157753188494,"p8","e13"
78.6998435748996,"p8","e13"
80.7929737796807,"p8","e13"
78.4225483536838,"p8","e13"
75.808456459289,"p8","e13"
77.9969755165017,"p8","e13"
76.8716983083799,"p8","e13"
75.2954307648168,"p8","e13"
78.0507613552897,"p8","e13"
73.9119207138504,"p8","e13"
90.2379760412518,"p9","e13"
96.3226039635785,"p9","e13"
83.7943830695081,"p9","e13"
86.5551165031084,"p9","e13"
91.0211918586333,"p9","e13"
91.3921545559937,"p9","e13"
88.2577842702515,"p9","e13"
96.6864700977913,"p9","e13"
96.7452583249909,"p9","e13"
85.5701855446475,"p9","e13"
75.9296883925811,"p10","e13"
74.5877622479697,"p10","e13"
75.2004438433687,"p10","e13"
74.9059467188633,"p10","e13"
80.6663652152369,"p10","e13"
75.9186325411762,"p10","e13"
76.7937968929008,"p10","e13"
78.5730452369782,"p10","e13"
77.5538977606439,"p10","e13"
78.9195269262851,"p10","e13"
98.0440182890422,"p1","e14"
101.558894392366,"p1","e14"
101.316717495012,"p1","e14"
97.9081605638946,"p1","e14"
93.3592379682933,"p1","e14"
99.753282249326,"p1","e14"
103.666160179358,"p1","e14"
102.837212753578,"p1","e14"
109.310001209666,"p1","e14"
95.9968537183627,"p1","e14"
84.1774707846166,"p2","e14"
86.7067944971921,"p2","e14"
84.1493749962399,"p2","e14"
85.792777685095,"p2","e14"
86.6148017516715,"p2","e14"
83.3125415830392,"p2","e14"
82.9879140055305,"p2","e14"
81.9778623447121,"p2","e14"
82.4765992092041,"p2","e14"
80.2139524653891,"p2","e14"
94.314891164493,"p3","e14"
89.3603806189726,"p3","e14"
89.4714575759376,"p3","e14"
92.916913762006,"p3","e14"
85.7573237029223,"p3","e14"
95.5164418709645,"p3","e14"
96.2439661362846,"p3","e14"
91.815288274413,"p3","e14"
90.3680644518654,"p3","e14"
92.7240266009953,"p3","e14"
83.0633248564945,"p4","e14"
83.4467880849654,"p4","e14"
81.7997325531758,"p4","e14"
83.0020724294539,"p4","e14"
85.0562377242303,"p4","e14"
81.269666946609,"p4","e14"
83.199264004972,"p4","e14"
80.9032112726115,"p4","e14"
81.70318808385,"p4","e14"
85.3927584463465,"p4","e14"
95.4435736965974,"p5","e14"
97.8548866544764,"p5","e14"
92.5855477433268,"p5","e14"
81.7393670043133,"p5","e14"
84.4992370044133,"p5","e14"
79.671926196955,"p5","e14"
86.9228857329312,"p5","e14"
84.3380662182211,"p5","e14"
84.5777158523954,"p5","e14"
81.2016502467447,"p5","e14"
88.3244394933516,"p6","e14"
86.2972567105622,"p6","e14"
81.6969374138174,"p6","e14"
86.0325784379682,"p6","e14"
86.2098569229028,"p6","e14"
85.6239057116983,"p6","e14"
81.5091823020438,"p6","e14"
82.2289965812853,"p6","e14"
85.4801060400811,"p6","e14"
82.1989539505036,"p6","e14"
90.8928075122506,"p7","e14"
85.9795040784643,"p7","e14"
86.5677747595716,"p7","e14"
85.3780948282676,"p7","e14"
84.7536590961325,"p7","e14"
90.1272253983752,"p7","e14"
84.4750447336036,"p7","e14"
87.2991040717032,"p7","e14"
79.5478949827012,"p7","e14"
89.3593248389025,"p7","e14"
87.024145976689,"p8","e14"
86.5166385065348,"p8","e14"
88.1103134016596,"p8","e14"
89.5205223113484,"p8","e14"
86.9450340791803,"p8","e14"
85.5050858936563,"p8","e14"
84.9376108513473,"p8","e14"
92.6182137624494,"p8","e14"
83.346012257218,"p8","e14"
83.6545608128809,"p8","e14"
105.804802603745,"p9","e14"
105.206500232611,"p9","e14"
93.7732076227804,"p9","e14"
101.509233736099,"p9","e14"
95.6708112581627,"p9","e14"
96.8250449622061,"p9","e14"
97.817076472461,"p9","e14"
96.8105516887102,"p9","e14"
93.5696610043325,"p9","e14"
105.714594569993,"p9","e14"
83.8043108423637,"p10","e14"
84.7062547770433,"p10","e14"
83.9690925653225,"p10","e14"
86.6562321169386,"p10","e14"
84.28786855894,"p10","e14"
86.5038584837536,"p10","e14"
93.9165327839107,"p10","e14"
87.8645209126809,"p10","e14"
88.6178700227991,"p10","e14"
87.3917137368926,"p10","e14"
108.037906316405,"p1","e15"
111.137613512495,"p1","e15"
107.835133628155,"p1","e15"
105.730988375501,"p1","e15"
103.074934798421,"p1","e15"
111.346968369702,"p1","e15"
112.418537586254,"p1","e15"
107.093376392231,"p1","e15"
110.246697767736,"p1","e15"
111.006413169191,"p1","e15"
103.574564571713,"p2","e15"
95.0680583482835,"p2","e15"
95.1231366795254,"p2","e15"
95.4167951886601,"p2","e15"
93.8330736451051,"p2","e15"
94.0152902364517,"p2","e15"
95.6542963479692,"p2","e15"
92.9191891130923,"p2","e15"
93.510482510287,"p2","e15"
94.8913319367815,"p2","e15"
105.128798545106,"p3","e15"
102.861415300606,"p3","e15"
103.740495820997,"p3","e15"
104.24593176808,"p3","e15"
99.847846337179,"p3","e15"
102.104412913537,"p3","e15"
100.041071999268,"p3","e15"
101.45437498434,"p3","e15"
103.985232458208,"p3","e15"
100.782542113324,"p3","e15"
97.5815106172921,"p4","e15"
99.2335639804229,"p4","e15"
96.0955473853179,"p4","e15"
92.3968543630277,"p4","e15"
94.7619802852245,"p4","e15"
94.3379361356197,"p4","e15"
94.7610003834234,"p4","e15"
94.4357109608505,"p4","e15"
93.6661705927097,"p4","e15"
92.9291413597286,"p4","e15"
111.66923407725,"p5","e15"
109.511716452607,"p5","e15"
97.7405843922061,"p5","e15"
99.964668474212,"p5","e15"
96.6117865657152,"p5","e15"
92.9717727447533,"p5","e15"
93.4392284649473,"p5","e15"
99.2222767737548,"p5","e15"
95.8662082646196,"p5","e15"
97.7223875523212,"p5","e15"
98.6848921867544,"p6","e15"
96.9213814899175,"p6","e15"
93.4275143999085,"p6","e15"
94.7294815865417,"p6","e15"
97.3946307501505,"p6","e15"
99.5566198099817,"p6","e15"
93.8263460296981,"p6","e15"
94.6790822322279,"p6","e15"
94.9617671828895,"p6","e15"
93.5537408971722,"p6","e15"
101.56202590897,"p7","e15"
101.421869171549,"p7","e15"
98.8279028622776,"p7","e15"
93.9379790237759,"p7","e15"
95.4861631474347,"p7","e15"
96.9584540883233,"p7","e15"
94.8910416807025,"p7","e15"
94.8260240827984,"p7","e15"
97.3879097552971,"p7","e15"
93.3289491206785,"p7","e15"
101.155026391022,"p8","e15"
98.8478530315361,"p8","e15"
100.666303145469,"p8","e15"
100.617488629229,"p8","e15"
99.7514369225598,"p8","e15"
97.0960387425921,"p8","e15"
93.8648947283546,"p8","e15"
98.3388137647433,"p8","e15"
98.5578459225904,"p8","e15"
97.0525279458167,"p8","e15"
117.388380378922,"p9","e15"
96.8916060469702,"p9","e15"
115.334312769226,"p9","e15"
105.486744523306,"p9","e15"
109.245267770143,"p9","e15"
115.936830063995,"p9","e15"
111.81534682998,"p9","e15"
107.65434419707,"p9","e15"
118.453151745521,"p9","e15"
108.283139229253,"p9","e15"
99.7952314251145,"p10","e15"
98.0085096661328,"p10","e15"
99.8070272666832,"p10","e15"
96.136724040297,"p10","e15"
97.596047876842,"p10","e15"
100.117164616045,"p10","e15"
101.479916454051,"p10","e15"
103.873618027971,"p10","e15"
97.0293346025777,"p10","e15"
98.9713549648777,"p10","e15"
73.1777537820501,"p1","e16"
78.4648089023854,"p1","e16"
80.4662360547962,"p1","e16"
73.7873067611988,"p1","e16"
84.0024435011786,"p1","e16"
84.6410309057118,"p1","e16"
88.1843897815167,"p1","e16"
69.9810913258121,"p1","e16"
79.7242761117954,"p1","e16"
94.693342392957,"p1","e16"
62.8943077718146,"p2","e16"
63.1375574718861,"p2","e16"
61.9401418814836,"p2","e16"
60.7029852169644,"p2","e16"
62.3470221319476,"p2","e16"
62.4624893144578,"p2","e16"
61.9969927056147,"p2","e16"
62.085337303896,"p2","e16"
60.4137600027805,"p2","e16"
61.2199760098022,"p2","e16"
71.4239660356363,"p3","e16"
66.3924978279596,"p3","e16"
66.5960285868061,"p3","e16"
65.3209723369635,"p3","e16"
65.1597425560176,"p3","e16"
68.4641220514848,"p3","e16"
67.0004527897803,"p3","e16"
67.3458148633037,"p3","e16"
64.2417704006426,"p3","e16"
64.2096006500739,"p3","e16"
72.9665891449843,"p4","e16"
74.8281977301197,"p4","e16"
74.0888753557759,"p4","e16"
65.5426231085378,"p4","e16"
73.3413618175678,"p4","e16"
67.4262827541937,"p4","e16"
70.3407870217052,"p4","e16"
71.7389036565152,"p4","e16"
68.4785670902066,"p4","e16"
67.4728535931828,"p4","e16"
67.1452181785204,"p5","e16"
63.8202638268564,"p5","e16"
62.6801923851724,"p5","e16"
61.97840139171,"p5","e16"
62.5987701231117,"p5","e16"
63.6945610253686,"p5","e16"
65.324224858604,"p5","e16"
61.529514264673,"p5","e16"
64.3810659126616,"p5","e16"
64.4996377044576,"p5","e16"
62.6858369666427,"p6","e16"
61.5460571065379,"p6","e16"
61.1576450190621,"p6","e16"
62.3502975315893,"p6","e16"
63.4853567598425,"p6","e16"
61.8093181145128,"p6","e16"
63.6719994539652,"p6","e16"
61.8076781636836,"p6","e16"
62.0750980682999,"p6","e16"
62.3208378106419,"p6","e16"
63.2079317048277,"p7","e16"
61.7369006479641,"p7","e16"
65.0748500204807,"p7","e16"
64.2886200518573,"p7","e16"
62.4090690777494,"p7","e16"
65.1156803170113,"p7","e16"
61.9298718097192,"p7","e16"
62.3646726797513,"p7","e16"
64.1167278612812,"p7","e16"
61.4339261346448,"p7","e16"
62.0566912712748,"p8","e16"
63.169364343041,"p8","e16"
64.8303247180518,"p8","e16"
63.8306753611339,"p8","e16"
61.8240783855165,"p8","e16"
64.3998829651043,"p8","e16"
63.1732571420979,"p8","e16"
64.3047872654494,"p8","e16"
62.9259937060157,"p8","e16"
61.6502053959663,"p8","e16"
74.5674822608875,"p9","e16"
77.7826486360455,"p9","e16"
78.7156196505916,"p9","e16"
80.9147297065195,"p9","e16"
78.9784808373153,"p9","e16"
67.8332131024811,"p9","e16"
80.1373136207409,"p9","e16"
69.2937692545379,"p9","e16"
77.6735796549678,"p9","e16"
76.4370861483068,"p9","e16"
70.8853212749168,"p10","e16"
73.3712316767239,"p10","e16"
68.3537240580443,"p10","e16"
72.501007592224,"p10","e16"
65.5437023325255,"p10","e16"
68.7141470609545,"p10","e16"
68.9168283643473,"p10","e16"
69.1716871718987,"p10","e16"
65.3318981393727,"p10","e16"
68.7346456632036,"p10","e16"
